Voltage[V],Pressure[Torr],MeanDriftSpeed[cm/us],StdDev[cm/us]
200,497.813,0.118626,0.000137707
200,703.149,0.132813,0.000224638
200,897.541,0.104385,0.000148489
200,1003.96,0.101655,6.34728e-05
200,1304.83,0.0990966,0.000111908
200,1498.7,0.0963565,0.000114544
225,497.813,0.118608,0.000481766
225,703.149,0.132799,0.000339672
