Voltage[V],Pressure[Torr],MeanDriftSpeed[cm/us],StdDev[cm/us]
1900,158.027,0.473296,0.00395273
1900,305.836,0.23268,0.00189645
1900,1000.95,0.143033,0.000335263
1900,1005.97,0.143333,0.000311578
1900,1106.14,0.140132,0.000325051
